<?xml version="1.0"?>
<doc>
    <assembly>
        <name>Easy.Admin.Web.Core</name>
    </assembly>
    <members>
        <member name="M:Easy.Admin.Web.Core.JwtHandler.PipelineAsync(Microsoft.AspNetCore.Authorization.AuthorizationHandlerContext,Microsoft.AspNetCore.Http.DefaultHttpContext)">
            <summary>
            这里写您的授权判断逻辑，授权通过返回 true，否则返回 false
            </summary>
            <param name="context"></param>
            <param name="httpContext"></param>
            <returns></returns>
        </member>
        <member name="M:Easy.Admin.Web.Core.JwtHandler.HandleAsync(Microsoft.AspNetCore.Authorization.AuthorizationHandlerContext)">
            <summary>
            自动刷新token
            </summary>
            <param name="context"></param>
            <returns></returns>
        </member>
    </members>
</doc>
